{
    "sgd": {
        "pr_auc": 0.8086331485770895,
        "roc_auc": 0.9557716814218803,
        "f1": 0.8153846153846154,
        "precision": 0.8833333333333333,
        "recall": 0.7571428571428571,
        "accuracy": 0.9994360504734826,
        "tp": 53,
        "fp": 7,
        "fn": 17,
        "tn": 42480,
        "epochs": 80,
        "time_s": 67.97
    },
    "adam": {
        "pr_auc": 0.7980100418509869,
        "roc_auc": 0.965516174695453,
        "f1": 0.7969924812030075,
        "precision": 0.8412698412698413,
        "recall": 0.7571428571428571,
        "accuracy": 0.9993655567826679,
        "tp": 53,
        "fp": 10,
        "fn": 17,
        "tn": 42477,
        "epochs": 25,
        "time_s": 28.74
    },
    "adabelief": {
        "pr_auc": 0.80834266191285,
        "roc_auc": 0.9624352322895405,
        "f1": 0.8029197080291971,
        "precision": 0.8208955223880597,
        "recall": 0.7857142857142857,
        "accuracy": 0.9993655567826679,
        "tp": 55,
        "fp": 12,
        "fn": 15,
        "tn": 42475,
        "epochs": 27,
        "time_s": 32.27
    }
}