{
  "No SMOTE": {
    "sgd": {
      "pr_auc": 0.8086331485770895,
      "roc_auc": 0.9557716814218803,
      "f1": 0.8153846153846154,
      "precision": 0.8833333333333333,
      "recall": 0.7571428571428571,
      "accuracy": 0.9994360504734826,
      "tp": 53,
      "fp": 7,
      "fn": 17,
      "tn": 42480,
      "epochs": 80,
      "time": 63.92267990112305
    },
    "adam": {
      "pr_auc": 0.7980100418509869,
      "roc_auc": 0.965516174695453,
      "f1": 0.7969924812030075,
      "precision": 0.8412698412698413,
      "recall": 0.7571428571428571,
      "accuracy": 0.9993655567826679,
      "tp": 53,
      "fp": 10,
      "fn": 17,
      "tn": 42477,
      "epochs": 25,
      "time": 25.64059090614319
    },
    "adabelief": {
      "pr_auc": 0.80834266191285,
      "roc_auc": 0.9624352322895405,
      "f1": 0.8029197080291971,
      "precision": 0.8208955223880597,
      "recall": 0.7857142857142857,
      "accuracy": 0.9993655567826679,
      "tp": 55,
      "fp": 12,
      "fn": 15,
      "tn": 42475,
      "epochs": 27,
      "time": 30.433614015579224
    }
  },
  "SMOTE 0.1": {
    "sgd": {
      "pr_auc": 0.7766758812439205,
      "roc_auc": 0.9544186625152568,
      "f1": 0.7681159420289856,
      "precision": 0.7794117647058824,
      "recall": 0.7571428571428571,
      "accuracy": 0.9992480672979769,
      "tp": 53,
      "fp": 15,
      "fn": 17,
      "tn": 42472,
      "epochs": 59,
      "time": 51.39669585227966
    },
    "adam": {
      "pr_auc": 0.774298236867093,
      "roc_auc": 0.9614826720105982,
      "f1": 0.7605633802816902,
      "precision": 0.75,
      "recall": 0.7714285714285715,
      "accuracy": 0.9992010715041004,
      "tp": 54,
      "fp": 18,
      "fn": 16,
      "tn": 42469,
      "epochs": 24,
      "time": 27.160579204559326
    },
    "adabelief": {
      "pr_auc": 0.7706863203897625,
      "roc_auc": 0.9583482678735344,
      "f1": 0.7448275862068965,
      "precision": 0.72,
      "recall": 0.7714285714285715,
      "accuracy": 0.9991305778132857,
      "tp": 54,
      "fp": 21,
      "fn": 16,
      "tn": 42466,
      "epochs": 24,
      "time": 28.793490886688232
    }
  },
  "SMOTE 0.2": {
    "sgd": {
      "pr_auc": 0.7910593948857066,
      "roc_auc": 0.952218998080085,
      "f1": 0.7189542483660131,
      "precision": 0.6626506024096386,
      "recall": 0.7857142857142857,
      "accuracy": 0.9989895904316564,
      "tp": 55,
      "fp": 28,
      "fn": 15,
      "tn": 42459,
      "epochs": 34,
      "time": 31.84007716178894
    },
    "adam": {
      "pr_auc": 0.7869750976188912,
      "roc_auc": 0.9592120615045274,
      "f1": 0.7260273972602739,
      "precision": 0.6973684210526315,
      "recall": 0.7571428571428571,
      "accuracy": 0.999060084122471,
      "tp": 53,
      "fp": 23,
      "fn": 17,
      "tn": 42464,
      "epochs": 21,
      "time": 26.2681941986084
    },
    "adabelief": {
      "pr_auc": 0.7886204050912472,
      "roc_auc": 0.9555685940909657,
      "f1": 0.7516778523489933,
      "precision": 0.7088607594936709,
      "recall": 0.8,
      "accuracy": 0.9991305778132857,
      "tp": 56,
      "fp": 23,
      "fn": 14,
      "tn": 42464,
      "epochs": 21,
      "time": 28.243641138076782
    }
  },
  "SMOTE 0.3": {
    "sgd": {
      "pr_auc": 0.7878429413421465,
      "roc_auc": 0.9485681334458608,
      "f1": 0.7096774193548386,
      "precision": 0.6470588235294118,
      "recall": 0.7857142857142857,
      "accuracy": 0.9989425946377799,
      "tp": 55,
      "fp": 30,
      "fn": 15,
      "tn": 42457,
      "epochs": 41,
      "time": 41.66889214515686
    },
    "adam": {
      "pr_auc": 0.7778349828750004,
      "roc_auc": 0.9586125503935659,
      "f1": 0.7586206896551724,
      "precision": 0.7333333333333333,
      "recall": 0.7857142857142857,
      "accuracy": 0.9991775736071622,
      "tp": 55,
      "fp": 20,
      "fn": 15,
      "tn": 42467,
      "epochs": 26,
      "time": 34.31678795814514
    },
    "adabelief": {
      "pr_auc": 0.7839236131998938,
      "roc_auc": 0.9568227592305546,
      "f1": 0.7448275862068965,
      "precision": 0.72,
      "recall": 0.7714285714285715,
      "accuracy": 0.9991305778132857,
      "tp": 54,
      "fp": 21,
      "fn": 16,
      "tn": 42466,
      "epochs": 26,
      "time": 37.179311752319336
    }
  },
  "SMOTE 0.4": {
    "sgd": {
      "pr_auc": 0.7853286784835336,
      "roc_auc": 0.9447915160603748,
      "f1": 0.7534246575342466,
      "precision": 0.7236842105263158,
      "recall": 0.7857142857142857,
      "accuracy": 0.999154075710224,
      "tp": 55,
      "fp": 21,
      "fn": 15,
      "tn": 42466,
      "epochs": 58,
      "time": 63.11092209815979
    },
    "adam": {
      "pr_auc": 0.7805762442362558,
      "roc_auc": 0.9576929413703015,
      "f1": 0.738255033557047,
      "precision": 0.6962025316455697,
      "recall": 0.7857142857142857,
      "accuracy": 0.9990835820194093,
      "tp": 55,
      "fp": 24,
      "fn": 15,
      "tn": 42463,
      "epochs": 34,
      "time": 47.48745918273926
    },
    "adabelief": {
      "pr_auc": 0.7775836612372748,
      "roc_auc": 0.9544119377692,
      "f1": 0.7142857142857143,
      "precision": 0.6547619047619048,
      "recall": 0.7857142857142857,
      "accuracy": 0.9989660925347181,
      "tp": 55,
      "fp": 29,
      "fn": 15,
      "tn": 42458,
      "epochs": 34,
      "time": 53.14402794837952
    }
  },
  "SMOTE 0.5": {
    "sgd": {
      "pr_auc": 0.7882710315532301,
      "roc_auc": 0.9477040035775648,
      "f1": 0.7142857142857143,
      "precision": 0.6547619047619048,
      "recall": 0.7857142857142857,
      "accuracy": 0.9989660925347181,
      "tp": 55,
      "fp": 29,
      "fn": 15,
      "tn": 42458,
      "epochs": 36,
      "time": 42.75515699386597
    },
    "adam": {
      "pr_auc": 0.7810044478988599,
      "roc_auc": 0.9551207260035843,
      "f1": 0.728476821192053,
      "precision": 0.6790123456790124,
      "recall": 0.7857142857142857,
      "accuracy": 0.9990365862255328,
      "tp": 55,
      "fp": 26,
      "fn": 15,
      "tn": 42461,
      "epochs": 28,
      "time": 43.02971386909485
    },
    "adabelief": {
      "pr_auc": 0.78797065649461,
      "roc_auc": 0.9559680440067382,
      "f1": 0.7236842105263158,
      "precision": 0.6707317073170732,
      "recall": 0.7857142857142857,
      "accuracy": 0.9990130883285946,
      "tp": 55,
      "fp": 27,
      "fn": 15,
      "tn": 42460,
      "epochs": 30,
      "time": 49.13881707191467
    }
  },
  "SMOTE 0.6": {
    "sgd": {
      "pr_auc": 0.7809254390973688,
      "roc_auc": 0.947726531476855,
      "f1": 0.7236842105263158,
      "precision": 0.6707317073170732,
      "recall": 0.7857142857142857,
      "accuracy": 0.9990130883285946,
      "tp": 55,
      "fp": 27,
      "fn": 15,
      "tn": 42460,
      "epochs": 56,
      "time": 69.22851204872131
    },
    "adam": {
      "pr_auc": 0.7914245620100089,
      "roc_auc": 0.9579760531792918,
      "f1": 0.7534246575342466,
      "precision": 0.7236842105263158,
      "recall": 0.7857142857142857,
      "accuracy": 0.999154075710224,
      "tp": 55,
      "fp": 21,
      "fn": 15,
      "tn": 42466,
      "epochs": 25,
      "time": 42.34466004371643
    },
    "adabelief": {
      "pr_auc": 0.7731834294944094,
      "roc_auc": 0.9559972966520851,
      "f1": 0.72,
      "precision": 0.675,
      "recall": 0.7714285714285715,
      "accuracy": 0.9990130883285946,
      "tp": 54,
      "fp": 26,
      "fn": 16,
      "tn": 42461,
      "epochs": 25,
      "time": 45.858272075653076
    }
  },
  "SMOTE 0.7": {
    "sgd": {
      "pr_auc": 0.7795163624178011,
      "roc_auc": 0.944959970949097,
      "f1": 0.7333333333333334,
      "precision": 0.6875,
      "recall": 0.7857142857142857,
      "accuracy": 0.999060084122471,
      "tp": 55,
      "fp": 25,
      "fn": 15,
      "tn": 42462,
      "epochs": 54,
      "time": 71.59237575531006
    },